{
  "format_version": "1.10",
  "minecraft:item": {
    "description": {
      "identifier": "end:ender_chicken_meat",
      "category": "Items"
    },
    "components": {
      "minecraft:hand_equipped": false,
      "minecraft:max_stack_size": 64,
      "minecraft:foil": false,
      "minecraft:stack_by_data": true,
      "minecraft:food": {
        "saturation_modifier": "high",
        "nutrition": 5,
        "can_always_eat": false,
        "effects": [
          {
            "name": "haste",
            "chance": 0.5,
            "duration": 15,
            "amplifier": 2
          },
          {
            "name": "nausea",
            "chance": 1,
            "duration": 5,
            "amplifier": 2
          },
          {
            "name": "resistance",
            "chance": 1,
            "duration": 30,
            "amplifier": 1
          }
        ]
      },
      "minecraft:use_duration": 32
    }
  }
}