{
  "format_version": "1.10",
  "minecraft:item": {
    "description": {
      "identifier": "end:ender_apple",
      "category": "Items"
    },
    "components": {
      "minecraft:hand_equipped": false,
      "minecraft:max_stack_size": 64,
      "minecraft:foil": false,
      "minecraft:stack_by_data": true,
      "minecraft:food": {
        "saturation_modifier": "high",
        "nutrition": 6,
        "can_always_eat": true,
        "effects": [
          {
            "name": "absorption",
            "chance": 1,
            "duration": 60,
            "amplifier": 2
          },
          {
            "name": "fire_resistance",
            "chance": 1,
            "duration": 120,
            "amplifier": 1
          },
          {
            "name": "night_vision",
            "chance": 1,
            "duration": 150,
            "amplifier": 1
          },
          {
            "name": "regeneration",
            "chance": 1,
            "duration": 60,
            "amplifier": 2
          },
          {
            "name": "resistance",
            "chance": 1,
            "duration": 60,
            "amplifier": 2
          },
          {
            "name": "speed",
            "chance": 1,
            "duration": 240,
            "amplifier": 2
          }
        ]
      },
      "minecraft:use_duration": 32
    }
  }
}