{"format_version":"1.8.0","minecraft:spawn_rules":{"description":{"identifier":"end:ender_chicken","population_control":"animal"},"conditions":[{"minecraft:spawns_underground":{},"minecraft:spawns_on_surface":{},"minecraft:brightness_filter":{"min":1,"max":15,"adjust_for_weather":false},"minecraft:weight":{"default":99999},"minecraft:herd":{"min_size":2,"max_size":4},"minecraft:density_limit":{"surface":8,"underground":8},"minecraft:biome_filter":[{"any_of":[{"test":"has_biome_tag","operator":"==","value":"the_end"}]}],"minecraft:spawns_on_block_filter":"minecraft:end_stone:0"},{"minecraft:spawns_underground":{},"minecraft:brightness_filter":{"min":1,"max":15,"adjust_for_weather":false},"minecraft:weight":{"default":99999},"minecraft:herd":{"min_size":2,"max_size":4},"minecraft:density_limit":{"surface":8,"underground":8},"minecraft:biome_filter":[{"any_of":[{"test":"has_biome_tag","operator":"==","value":"the_end"}]}]}]}}