{
  "format_version": "1.16.0",
  "minecraft:block": {
    "description": {
      "identifier": "end:ender_planks",
      "register_to_creative_menu": true
    },
    "components": {
      "minecraft:loot": "loot_tables/blocks/end_ender_planks.json",
      "minecraft:destroy_time": 0.6,
      "minecraft:friction": 0.7,
      "minecraft:map_color": "#FFFFFF",
      "minecraft:block_light_absorption": 15.0,
      "minecraft:block_light_emission": 0.1,
      "minecraft:explosion_resistance": 1.2
    }
  }
}