{
  "format_version": "1.16.0",
  "minecraft:block": {
    "description": {
      "identifier": "end:ender_gem_ore",
      "register_to_creative_menu": true
    },
    "components": {
      "minecraft:loot": "loot_tables/blocks/end_ender_gem_ore.json",
      "minecraft:destroy_time": 4.0,
      "minecraft:friction": 0.7,
      "minecraft:map_color": "#FFFFFF",
      "minecraft:block_light_absorption": 15.0,
      "minecraft:block_light_emission": 0.0,
      "minecraft:explosion_resistance": 2.1
    }
  }
}